﻿{"cameraMode":{"drawMode":0,"name":"Shaded","section":"Shading Mode"},"sceneLighting":true,"audioPlay":false,"sceneViewState":{"showFog":false,"showMaterialUpdate":false,"showSkybox":false,"showFlares":false,"showImageEffects":false,"showParticleSystems":false},"in2DMode":false,"pivot":{"x":23.69999885559082,"y":0.5399999618530273,"z":-8.024999618530274},"rotation":{"x":-0.04189300537109375,"y":0.06708639115095139,"z":-0.0028200680390000345,"w":-0.9968633055686951},"size":13.910381317138672,"orthographic":true}